"Status","Start Time","Stop Time","Duration in ms","Parent Suite","Suite","Sub Suite","Test Class","Test Method","Name","Description"
"passed","Fri Dec 31 08:19:03 BRST 2021","Fri Dec 31 08:19:03 BRST 2021","13","","PaymentPayloadWrongDataType.OasDbPaymentPayloadWrongDataType_urp3hyvulh6f","","PaymentPayloadWrongDataType.OasDbPaymentPayloadWrongDataType_urp3hyvulh6f","test_urrxm1ddbfxe_readcharge","test_urrxm1ddbfxe_readcharge",""
"failed","Fri Dec 31 08:16:30 BRST 2021","Fri Dec 31 08:16:30 BRST 2021","26","","PaymentPayloadWrongDataType.OasDbPaymentPayloadWrongDataType_1hblin1dluput","","PaymentPayloadWrongDataType.OasDbPaymentPayloadWrongDataType_1hblin1dluput","test_1h820alyon704_readcharge","test_1h820alyon704_readcharge",""
"failed","Fri Dec 31 08:12:36 BRST 2021","Fri Dec 31 08:12:36 BRST 2021","14","","PaymentPayloadWrongDataType.OasDbPaymentPayloadWrongDataType_sksd8x3z7azp","","PaymentPayloadWrongDataType.OasDbPaymentPayloadWrongDataType_sksd8x3z7azp","test_1ibh1kgxx1v06_createcharge","test_1ibh1kgxx1v06_createcharge",""
"passed","Fri Dec 31 08:21:50 BRST 2021","Fri Dec 31 08:21:50 BRST 2021","12","","PaymentPayloadWrongDataType.OasDbPaymentPayloadWrongDataType_t4yyjnz4v12q","","PaymentPayloadWrongDataType.OasDbPaymentPayloadWrongDataType_t4yyjnz4v12q","test_u7ru5n0zdd9f_deletecharge","test_u7ru5n0zdd9f_deletecharge",""
"passed","Fri Dec 31 08:13:53 BRST 2021","Fri Dec 31 08:13:54 BRST 2021","18","","PaymentPayloadWrongDataType.OasDbPaymentPayloadWrongDataType_qxtv30ic6f5h","","PaymentPayloadWrongDataType.OasDbPaymentPayloadWrongDataType_qxtv30ic6f5h","test_qhw67lgdtdgh_deletecharge","test_qhw67lgdtdgh_deletecharge",""
"passed","Fri Dec 31 08:12:10 BRST 2021","Fri Dec 31 08:12:10 BRST 2021","13","","PaymentPayloadWrongDataType.OasDbPaymentPayloadWrongDataType_sksd8x3z7azp","","PaymentPayloadWrongDataType.OasDbPaymentPayloadWrongDataType_sksd8x3z7azp","test_1h7qxl0864ab4_deletecharge","test_1h7qxl0864ab4_deletecharge",""
"failed","Fri Dec 31 08:17:30 BRST 2021","Fri Dec 31 08:17:30 BRST 2021","14","","PaymentPayloadWrongDataType.OasDbPaymentPayloadWrongDataType_1hblin1dluput","","PaymentPayloadWrongDataType.OasDbPaymentPayloadWrongDataType_1hblin1dluput","test_s4xdqqtp6qn8_createcharge","test_s4xdqqtp6qn8_createcharge",""
"failed","Fri Dec 31 08:11:13 BRST 2021","Fri Dec 31 08:11:13 BRST 2021","14","","PaymentPayloadWrongDataType.OasDbPaymentPayloadWrongDataType_u82clhjoq69f","","PaymentPayloadWrongDataType.OasDbPaymentPayloadWrongDataType_u82clhjoq69f","test_qhnt92wy06cx_updatecharge","test_qhnt92wy06cx_updatecharge",""
"passed","Fri Dec 31 08:17:05 BRST 2021","Fri Dec 31 08:17:05 BRST 2021","13","","PaymentPayloadWrongDataType.OasDbPaymentPayloadWrongDataType_1hblin1dluput","","PaymentPayloadWrongDataType.OasDbPaymentPayloadWrongDataType_1hblin1dluput","test_rhtw77hg1i03_readcharge","test_rhtw77hg1i03_readcharge",""
"passed","Fri Dec 31 08:12:21 BRST 2021","Fri Dec 31 08:12:21 BRST 2021","13","","PaymentPayloadWrongDataType.OasDbPaymentPayloadWrongDataType_sksd8x3z7azp","","PaymentPayloadWrongDataType.OasDbPaymentPayloadWrongDataType_sksd8x3z7azp","test_1hb865j64oh9e_deletecharge","test_1hb865j64oh9e_deletecharge",""
"passed","Fri Dec 31 08:11:38 BRST 2021","Fri Dec 31 08:11:38 BRST 2021","13","","PaymentPayloadWrongDataType.OasDbPaymentPayloadWrongDataType_u82clhjoq69f","","PaymentPayloadWrongDataType.OasDbPaymentPayloadWrongDataType_u82clhjoq69f","test_sl3fkc7bbbqt_deletecharge","test_sl3fkc7bbbqt_deletecharge",""
"failed","Fri Dec 31 08:08:22 BRST 2021","Fri Dec 31 08:08:22 BRST 2021","14","","PaymentPayloadWrongDataType.OasDbPaymentPayloadWrongDataType_1jy4z0xgg00mu","","PaymentPayloadWrongDataType.OasDbPaymentPayloadWrongDataType_1jy4z0xgg00mu","test_qdvire989izl_createcharge","test_qdvire989izl_createcharge",""
"passed","Fri Dec 31 08:02:32 BRST 2021","Fri Dec 31 08:02:32 BRST 2021","20","","PaymentPayloadWrongDataType.OasDbPaymentPayloadWrongDataType_1hb87phbd5eg5","","PaymentPayloadWrongDataType.OasDbPaymentPayloadWrongDataType_1hb87phbd5eg5","test_qdvj5x39fvaw_updatecharge","test_qdvj5x39fvaw_updatecharge",""
"passed","Fri Dec 31 08:18:18 BRST 2021","Fri Dec 31 08:18:18 BRST 2021","12","","PaymentPayloadWrongDataType.OasDbPaymentPayloadWrongDataType_urp3hyvulh6f","","PaymentPayloadWrongDataType.OasDbPaymentPayloadWrongDataType_urp3hyvulh6f","test_1iukwtz25pqnp_readcharge","test_1iukwtz25pqnp_readcharge",""
"passed","Fri Dec 31 08:18:43 BRST 2021","Fri Dec 31 08:18:43 BRST 2021","14","","PaymentPayloadWrongDataType.OasDbPaymentPayloadWrongDataType_urp3hyvulh6f","","PaymentPayloadWrongDataType.OasDbPaymentPayloadWrongDataType_urp3hyvulh6f","test_rhjdfr0wdjdx_readcharge","test_rhjdfr0wdjdx_readcharge",""
"passed","Fri Dec 31 08:19:52 BRST 2021","Fri Dec 31 08:19:52 BRST 2021","14","","PaymentPayloadWrongDataType.OasDbPaymentPayloadWrongDataType_qhsx7s4l8c3a","","PaymentPayloadWrongDataType.OasDbPaymentPayloadWrongDataType_qhsx7s4l8c3a","test_rhiwm0irisdt_updatecharge","test_rhiwm0irisdt_updatecharge",""
"passed","Fri Dec 31 08:01:56 BRST 2021","Fri Dec 31 08:01:56 BRST 2021","30","","PaymentPayloadWrongDataType.OasDbPaymentPayloadWrongDataType_1hb87phbd5eg5","","PaymentPayloadWrongDataType.OasDbPaymentPayloadWrongDataType_1hb87phbd5eg5","test_1h84t5wfmj039_deletecharge","test_1h84t5wfmj039_deletecharge",""
"passed","Fri Dec 31 08:10:53 BRST 2021","Fri Dec 31 08:10:53 BRST 2021","12","","PaymentPayloadWrongDataType.OasDbPaymentPayloadWrongDataType_u82clhjoq69f","","PaymentPayloadWrongDataType.OasDbPaymentPayloadWrongDataType_u82clhjoq69f","test_1ibju4qtd9u7n_readcharge","test_1ibju4qtd9u7n_readcharge",""
"passed","Fri Dec 31 08:08:47 BRST 2021","Fri Dec 31 08:08:47 BRST 2021","16","","PaymentPayloadWrongDataType.OasDbPaymentPayloadWrongDataType_1jy4z0xgg00mu","","PaymentPayloadWrongDataType.OasDbPaymentPayloadWrongDataType_1jy4z0xgg00mu","test_ubu7i45pow1j_updatecharge","test_ubu7i45pow1j_updatecharge",""
"passed","Fri Dec 31 08:21:15 BRST 2021","Fri Dec 31 08:21:15 BRST 2021","11","","PaymentPayloadWrongDataType.OasDbPaymentPayloadWrongDataType_t4yyjnz4v12q","","PaymentPayloadWrongDataType.OasDbPaymentPayloadWrongDataType_t4yyjnz4v12q","test_1iyfgs5syc112_deletecharge","test_1iyfgs5syc112_deletecharge",""
"passed","Fri Dec 31 08:08:27 BRST 2021","Fri Dec 31 08:08:27 BRST 2021","14","","PaymentPayloadWrongDataType.OasDbPaymentPayloadWrongDataType_1jy4z0xgg00mu","","PaymentPayloadWrongDataType.OasDbPaymentPayloadWrongDataType_1jy4z0xgg00mu","test_qxir9zeudxlu_deletecharge","test_qxir9zeudxlu_deletecharge",""
"passed","Fri Dec 31 08:05:27 BRST 2021","Fri Dec 31 08:05:27 BRST 2021","16","","PaymentPayloadWrongDataType.OasDbPaymentPayloadWrongDataType_s4ulkdp2bo0x","","PaymentPayloadWrongDataType.OasDbPaymentPayloadWrongDataType_s4ulkdp2bo0x","test_rhm5zszg1q28_deletecharge","test_rhm5zszg1q28_deletecharge",""
"passed","Fri Dec 31 08:03:39 BRST 2021","Fri Dec 31 08:03:39 BRST 2021","19","","PaymentPayloadWrongDataType.OasDbPaymentPayloadWrongDataType_1iyi9997lw5km","","PaymentPayloadWrongDataType.OasDbPaymentPayloadWrongDataType_1iyi9997lw5km","test_qe1letqsexd0_readcharge","test_qe1letqsexd0_readcharge",""
"passed","Fri Dec 31 08:18:38 BRST 2021","Fri Dec 31 08:18:38 BRST 2021","14","","PaymentPayloadWrongDataType.OasDbPaymentPayloadWrongDataType_urp3hyvulh6f","","PaymentPayloadWrongDataType.OasDbPaymentPayloadWrongDataType_urp3hyvulh6f","test_qhkjk1xjle7q_updatecharge","test_qhkjk1xjle7q_updatecharge",""
"passed","Fri Dec 31 08:14:34 BRST 2021","Fri Dec 31 08:14:34 BRST 2021","13","","PaymentPayloadWrongDataType.OasDbPaymentPayloadWrongDataType_qxtv30ic6f5h","","PaymentPayloadWrongDataType.OasDbPaymentPayloadWrongDataType_qxtv30ic6f5h","test_to7u6h8n5obp_readcharge","test_to7u6h8n5obp_readcharge",""
"passed","Fri Dec 31 08:10:25 BRST 2021","Fri Dec 31 08:10:25 BRST 2021","17","","PaymentPayloadWrongDataType.OasDbPaymentPayloadWrongDataType_1h7zrjhuo8je8","","PaymentPayloadWrongDataType.OasDbPaymentPayloadWrongDataType_1h7zrjhuo8je8","test_vf6zbfj5k75f_updatecharge","test_vf6zbfj5k75f_updatecharge",""
"failed","Fri Dec 31 08:08:32 BRST 2021","Fri Dec 31 08:08:32 BRST 2021","15","","PaymentPayloadWrongDataType.OasDbPaymentPayloadWrongDataType_1jy4z0xgg00mu","","PaymentPayloadWrongDataType.OasDbPaymentPayloadWrongDataType_1jy4z0xgg00mu","test_qxntoi89lhki_createcharge","test_qxntoi89lhki_createcharge",""
"failed","Fri Dec 31 08:06:29 BRST 2021","Fri Dec 31 08:06:29 BRST 2021","16","","PaymentPayloadWrongDataType.OasDbPaymentPayloadWrongDataType_1iukdc9pgnj8z","","PaymentPayloadWrongDataType.OasDbPaymentPayloadWrongDataType_1iukdc9pgnj8z","test_1iyc6mb34awxe_updatecharge","test_1iyc6mb34awxe_updatecharge",""
"passed","Fri Dec 31 08:04:30 BRST 2021","Fri Dec 31 08:04:30 BRST 2021","15","","PaymentPayloadWrongDataType.OasDbPaymentPayloadWrongDataType_1iyi9997lw5km","","PaymentPayloadWrongDataType.OasDbPaymentPayloadWrongDataType_1iyi9997lw5km","test_uvjqhve1ewj9_deletecharge","test_uvjqhve1ewj9_deletecharge",""
"failed","Fri Dec 31 08:03:29 BRST 2021","Fri Dec 31 08:03:29 BRST 2021","19","","PaymentPayloadWrongDataType.OasDbPaymentPayloadWrongDataType_1iyi9997lw5km","","PaymentPayloadWrongDataType.OasDbPaymentPayloadWrongDataType_1iyi9997lw5km","test_1jyda9o0m7vq9_createcharge","test_1jyda9o0m7vq9_createcharge",""
"failed","Fri Dec 31 08:05:12 BRST 2021","Fri Dec 31 08:05:12 BRST 2021","18","","PaymentPayloadWrongDataType.OasDbPaymentPayloadWrongDataType_s4ulkdp2bo0x","","PaymentPayloadWrongDataType.OasDbPaymentPayloadWrongDataType_s4ulkdp2bo0x","test_r1if3utpbnfm_createcharge","test_r1if3utpbnfm_createcharge",""
"passed","Fri Dec 31 08:20:32 BRST 2021","Fri Dec 31 08:20:32 BRST 2021","13","","PaymentPayloadWrongDataType.OasDbPaymentPayloadWrongDataType_qhsx7s4l8c3a","","PaymentPayloadWrongDataType.OasDbPaymentPayloadWrongDataType_qhsx7s4l8c3a","test_urxf54ctxeep_deletecharge","test_urxf54ctxeep_deletecharge",""
"failed","Fri Dec 31 08:21:40 BRST 2021","Fri Dec 31 08:21:40 BRST 2021","14","","PaymentPayloadWrongDataType.OasDbPaymentPayloadWrongDataType_t4yyjnz4v12q","","PaymentPayloadWrongDataType.OasDbPaymentPayloadWrongDataType_t4yyjnz4v12q","test_t4w6dr2c7wvq_updatecharge","test_t4w6dr2c7wvq_updatecharge",""
"passed","Fri Dec 31 08:16:12 BRST 2021","Fri Dec 31 08:16:12 BRST 2021","59","","PaymentPayloadWrongDataType.OasDbPaymentPayloadWrongDataType_1iavdb7l9kxtd","","PaymentPayloadWrongDataType.OasDbPaymentPayloadWrongDataType_1iavdb7l9kxtd","test_vbhwkvqw7pdi_createcharge","test_vbhwkvqw7pdi_createcharge",""
"passed","Fri Dec 31 08:21:25 BRST 2021","Fri Dec 31 08:21:25 BRST 2021","16","","PaymentPayloadWrongDataType.OasDbPaymentPayloadWrongDataType_t4yyjnz4v12q","","PaymentPayloadWrongDataType.OasDbPaymentPayloadWrongDataType_t4yyjnz4v12q","test_rl5lzp7iidrk_deletecharge","test_rl5lzp7iidrk_deletecharge",""
"failed","Fri Dec 31 08:03:59 BRST 2021","Fri Dec 31 08:03:59 BRST 2021","17","","PaymentPayloadWrongDataType.OasDbPaymentPayloadWrongDataType_1iyi9997lw5km","","PaymentPayloadWrongDataType.OasDbPaymentPayloadWrongDataType_1iyi9997lw5km","test_s1b4q44g3zhe_updatecharge","test_s1b4q44g3zhe_updatecharge",""
"failed","Fri Dec 31 08:12:46 BRST 2021","Fri Dec 31 08:12:46 BRST 2021","14","","PaymentPayloadWrongDataType.OasDbPaymentPayloadWrongDataType_sksd8x3z7azp","","PaymentPayloadWrongDataType.OasDbPaymentPayloadWrongDataType_sksd8x3z7azp","test_1iyl1w3tk9mxx_createcharge","test_1iyl1w3tk9mxx_createcharge",""
"passed","Fri Dec 31 08:03:07 BRST 2021","Fri Dec 31 08:03:07 BRST 2021","29","","PaymentPayloadWrongDataType.OasDbPaymentPayloadWrongDataType_1hb87phbd5eg5","","PaymentPayloadWrongDataType.OasDbPaymentPayloadWrongDataType_1hb87phbd5eg5","test_toloo35d2jxd_readcharge","test_toloo35d2jxd_readcharge",""
"passed","Fri Dec 31 08:15:01 BRST 2021","Fri Dec 31 08:15:01 BRST 2021","15","","PaymentPayloadWrongDataType.OasDbPaymentPayloadWrongDataType_1iavdb7l9kxtd","","PaymentPayloadWrongDataType.OasDbPaymentPayloadWrongDataType_1iavdb7l9kxtd","test_1hbaed4voyrzo_readcharge","test_1hbaed4voyrzo_readcharge",""
"failed","Fri Dec 31 08:06:45 BRST 2021","Fri Dec 31 08:06:45 BRST 2021","16","","PaymentPayloadWrongDataType.OasDbPaymentPayloadWrongDataType_1iukdc9pgnj8z","","PaymentPayloadWrongDataType.OasDbPaymentPayloadWrongDataType_1iukdc9pgnj8z","test_rhiuqde6whtg_updatecharge","test_rhiuqde6whtg_updatecharge",""
"failed","Fri Dec 31 08:07:20 BRST 2021","Fri Dec 31 08:07:20 BRST 2021","15","","PaymentPayloadWrongDataType.OasDbPaymentPayloadWrongDataType_1iukdc9pgnj8z","","PaymentPayloadWrongDataType.OasDbPaymentPayloadWrongDataType_1iukdc9pgnj8z","test_ubu6969p9zdu_createcharge","test_ubu6969p9zdu_createcharge",""
"failed","Fri Dec 31 08:05:02 BRST 2021","Fri Dec 31 08:05:02 BRST 2021","16","","PaymentPayloadWrongDataType.OasDbPaymentPayloadWrongDataType_s4ulkdp2bo0x","","PaymentPayloadWrongDataType.OasDbPaymentPayloadWrongDataType_s4ulkdp2bo0x","test_1jxzemivqkg9v_createcharge","test_1jxzemivqkg9v_createcharge",""
"passed","Fri Dec 31 08:07:00 BRST 2021","Fri Dec 31 08:07:00 BRST 2021","16","","PaymentPayloadWrongDataType.OasDbPaymentPayloadWrongDataType_1iukdc9pgnj8z","","PaymentPayloadWrongDataType.OasDbPaymentPayloadWrongDataType_1iukdc9pgnj8z","test_tru4cz18yg4z_readcharge","test_tru4cz18yg4z_readcharge",""
"passed","Fri Dec 31 08:13:01 BRST 2021","Fri Dec 31 08:13:01 BRST 2021","14","","PaymentPayloadWrongDataType.OasDbPaymentPayloadWrongDataType_sksd8x3z7azp","","PaymentPayloadWrongDataType.OasDbPaymentPayloadWrongDataType_sksd8x3z7azp","test_r1l63or0rvxe_readcharge","test_r1l63or0rvxe_readcharge",""
"passed","Fri Dec 31 08:16:40 BRST 2021","Fri Dec 31 08:16:40 BRST 2021","14","","PaymentPayloadWrongDataType.OasDbPaymentPayloadWrongDataType_1hblin1dluput","","PaymentPayloadWrongDataType.OasDbPaymentPayloadWrongDataType_1hblin1dluput","test_1iexslegr9m45_updatecharge","test_1iexslegr9m45_updatecharge",""
"passed","Fri Dec 31 08:18:23 BRST 2021","Fri Dec 31 08:18:23 BRST 2021","12","","PaymentPayloadWrongDataType.OasDbPaymentPayloadWrongDataType_urp3hyvulh6f","","PaymentPayloadWrongDataType.OasDbPaymentPayloadWrongDataType_urp3hyvulh6f","test_1iv4ashzzatly_updatecharge","test_1iv4ashzzatly_updatecharge",""
"passed","Fri Dec 31 08:21:20 BRST 2021","Fri Dec 31 08:21:20 BRST 2021","14","","PaymentPayloadWrongDataType.OasDbPaymentPayloadWrongDataType_t4yyjnz4v12q","","PaymentPayloadWrongDataType.OasDbPaymentPayloadWrongDataType_t4yyjnz4v12q","test_rhdti087fodv_updatecharge","test_rhdti087fodv_updatecharge",""
"failed","Fri Dec 31 08:20:55 BRST 2021","Fri Dec 31 08:20:55 BRST 2021","20","","PaymentPayloadWrongDataType.OasDbPaymentPayloadWrongDataType_t4yyjnz4v12q","","PaymentPayloadWrongDataType.OasDbPaymentPayloadWrongDataType_t4yyjnz4v12q","test_1hbaz3cdpnn8j_createcharge","test_1hbaz3cdpnn8j_createcharge",""
"passed","Fri Dec 31 08:11:43 BRST 2021","Fri Dec 31 08:11:43 BRST 2021","14","","PaymentPayloadWrongDataType.OasDbPaymentPayloadWrongDataType_u82clhjoq69f","","PaymentPayloadWrongDataType.OasDbPaymentPayloadWrongDataType_u82clhjoq69f","test_sl8y0fd2q99i_deletecharge","test_sl8y0fd2q99i_deletecharge",""
"passed","Fri Dec 31 08:05:32 BRST 2021","Fri Dec 31 08:05:32 BRST 2021","14","","PaymentPayloadWrongDataType.OasDbPaymentPayloadWrongDataType_s4ulkdp2bo0x","","PaymentPayloadWrongDataType.OasDbPaymentPayloadWrongDataType_s4ulkdp2bo0x","test_rhufatqz7m0h_readcharge","test_rhufatqz7m0h_readcharge",""
"passed","Fri Dec 31 08:04:04 BRST 2021","Fri Dec 31 08:04:04 BRST 2021","17","","PaymentPayloadWrongDataType.OasDbPaymentPayloadWrongDataType_1iyi9997lw5km","","PaymentPayloadWrongDataType.OasDbPaymentPayloadWrongDataType_1iyi9997lw5km","test_s1jgideq2gyr_readcharge","test_s1jgideq2gyr_readcharge",""
"passed","Fri Dec 31 08:19:13 BRST 2021","Fri Dec 31 08:19:13 BRST 2021","12","","PaymentPayloadWrongDataType.OasDbPaymentPayloadWrongDataType_urp3hyvulh6f","","PaymentPayloadWrongDataType.OasDbPaymentPayloadWrongDataType_urp3hyvulh6f","test_vevbk9sy8uut_deletecharge","test_vevbk9sy8uut_deletecharge",""
"failed","Fri Dec 31 08:21:30 BRST 2021","Fri Dec 31 08:21:30 BRST 2021","13","","PaymentPayloadWrongDataType.OasDbPaymentPayloadWrongDataType_t4yyjnz4v12q","","PaymentPayloadWrongDataType.OasDbPaymentPayloadWrongDataType_t4yyjnz4v12q","test_s4mbhqjq7037_createcharge","test_s4mbhqjq7037_createcharge",""
"failed","Fri Dec 31 08:07:52 BRST 2021","Fri Dec 31 08:07:52 BRST 2021","14","","PaymentPayloadWrongDataType.OasDbPaymentPayloadWrongDataType_1jy4z0xgg00mu","","PaymentPayloadWrongDataType.OasDbPaymentPayloadWrongDataType_1jy4z0xgg00mu","test_1hrdqtte7gk6u_createcharge","test_1hrdqtte7gk6u_createcharge",""
"passed","Fri Dec 31 08:06:24 BRST 2021","Fri Dec 31 08:06:24 BRST 2021","19","","PaymentPayloadWrongDataType.OasDbPaymentPayloadWrongDataType_1iukdc9pgnj8z","","PaymentPayloadWrongDataType.OasDbPaymentPayloadWrongDataType_1iukdc9pgnj8z","test_1ib6hyl2gbb5i_updatecharge","test_1ib6hyl2gbb5i_updatecharge",""
"passed","Fri Dec 31 08:16:50 BRST 2021","Fri Dec 31 08:16:50 BRST 2021","12","","PaymentPayloadWrongDataType.OasDbPaymentPayloadWrongDataType_1hblin1dluput","","PaymentPayloadWrongDataType.OasDbPaymentPayloadWrongDataType_1hblin1dluput","test_qhncyhdd1mjp_deletecharge","test_qhncyhdd1mjp_deletecharge",""
"passed","Fri Dec 31 08:17:00 BRST 2021","Fri Dec 31 08:17:00 BRST 2021","13","","PaymentPayloadWrongDataType.OasDbPaymentPayloadWrongDataType_1hblin1dluput","","PaymentPayloadWrongDataType.OasDbPaymentPayloadWrongDataType_1hblin1dluput","test_rhje583w662f_deletecharge","test_rhje583w662f_deletecharge",""
"passed","Fri Dec 31 08:07:30 BRST 2021","Fri Dec 31 08:07:30 BRST 2021","16","","PaymentPayloadWrongDataType.OasDbPaymentPayloadWrongDataType_1iukdc9pgnj8z","","PaymentPayloadWrongDataType.OasDbPaymentPayloadWrongDataType_1iukdc9pgnj8z","test_vf9qbkxe7dbt_readcharge","test_vf9qbkxe7dbt_readcharge",""
"failed","Fri Dec 31 08:10:05 BRST 2021","Fri Dec 31 08:10:05 BRST 2021","14","","PaymentPayloadWrongDataType.OasDbPaymentPayloadWrongDataType_1h7zrjhuo8je8","","PaymentPayloadWrongDataType.OasDbPaymentPayloadWrongDataType_1h7zrjhuo8je8","test_u7rtrpuuqfdv_updatecharge","test_u7rtrpuuqfdv_updatecharge",""
"passed","Fri Dec 31 08:15:57 BRST 2021","Fri Dec 31 08:15:57 BRST 2021","12","","PaymentPayloadWrongDataType.OasDbPaymentPayloadWrongDataType_1iavdb7l9kxtd","","PaymentPayloadWrongDataType.OasDbPaymentPayloadWrongDataType_1iavdb7l9kxtd","test_tonzr41yr7ty_deletecharge","test_tonzr41yr7ty_deletecharge",""
"passed","Fri Dec 31 08:10:15 BRST 2021","Fri Dec 31 08:10:15 BRST 2021","13","","PaymentPayloadWrongDataType.OasDbPaymentPayloadWrongDataType_1h7zrjhuo8je8","","PaymentPayloadWrongDataType.OasDbPaymentPayloadWrongDataType_1h7zrjhuo8je8","test_urumnp2dx5wz_readcharge","test_urumnp2dx5wz_readcharge",""
"passed","Fri Dec 31 08:20:37 BRST 2021","Fri Dec 31 08:20:37 BRST 2021","13","","PaymentPayloadWrongDataType.OasDbPaymentPayloadWrongDataType_qhsx7s4l8c3a","","PaymentPayloadWrongDataType.OasDbPaymentPayloadWrongDataType_qhsx7s4l8c3a","test_vb6dl1wx15bp_deletecharge","test_vb6dl1wx15bp_deletecharge",""
"failed","Fri Dec 31 08:16:55 BRST 2021","Fri Dec 31 08:16:55 BRST 2021","15","","PaymentPayloadWrongDataType.OasDbPaymentPayloadWrongDataType_1hblin1dluput","","PaymentPayloadWrongDataType.OasDbPaymentPayloadWrongDataType_1hblin1dluput","test_rhglloaq9f1f_createcharge","test_rhglloaq9f1f_createcharge",""
"passed","Fri Dec 31 08:07:05 BRST 2021","Fri Dec 31 08:07:05 BRST 2021","14","","PaymentPayloadWrongDataType.OasDbPaymentPayloadWrongDataType_1iukdc9pgnj8z","","PaymentPayloadWrongDataType.OasDbPaymentPayloadWrongDataType_1iukdc9pgnj8z","test_ts4qdvrwx5bo_deletecharge","test_ts4qdvrwx5bo_deletecharge",""
"passed","Fri Dec 31 08:08:52 BRST 2021","Fri Dec 31 08:08:52 BRST 2021","14","","PaymentPayloadWrongDataType.OasDbPaymentPayloadWrongDataType_1jy4z0xgg00mu","","PaymentPayloadWrongDataType.OasDbPaymentPayloadWrongDataType_1jy4z0xgg00mu","test_vbcd1lvp0coh_updatecharge","test_vbcd1lvp0coh_updatecharge",""
"passed","Fri Dec 31 08:02:17 BRST 2021","Fri Dec 31 08:02:17 BRST 2021","21","","PaymentPayloadWrongDataType.OasDbPaymentPayloadWrongDataType_1hb87phbd5eg5","","PaymentPayloadWrongDataType.OasDbPaymentPayloadWrongDataType_1hb87phbd5eg5","test_1jefg9s1ks3e9_readcharge","test_1jefg9s1ks3e9_readcharge",""
"failed","Fri Dec 31 08:02:07 BRST 2021","Fri Dec 31 08:02:07 BRST 2021","36","","PaymentPayloadWrongDataType.OasDbPaymentPayloadWrongDataType_1hb87phbd5eg5","","PaymentPayloadWrongDataType.OasDbPaymentPayloadWrongDataType_1hb87phbd5eg5","test_1iusprtknoehu_createcharge","test_1iusprtknoehu_createcharge",""
"passed","Fri Dec 31 08:14:49 BRST 2021","Fri Dec 31 08:14:49 BRST 2021","14","","PaymentPayloadWrongDataType.OasDbPaymentPayloadWrongDataType_qxtv30ic6f5h","","PaymentPayloadWrongDataType.OasDbPaymentPayloadWrongDataType_qxtv30ic6f5h","test_vevvtv2scugm_updatecharge","test_vevvtv2scugm_updatecharge",""
"passed","Fri Dec 31 08:08:37 BRST 2021","Fri Dec 31 08:08:37 BRST 2021","13","","PaymentPayloadWrongDataType.OasDbPaymentPayloadWrongDataType_1jy4z0xgg00mu","","PaymentPayloadWrongDataType.OasDbPaymentPayloadWrongDataType_1jy4z0xgg00mu","test_s164c7mfen93_readcharge","test_s164c7mfen93_readcharge",""
"passed","Fri Dec 31 08:04:09 BRST 2021","Fri Dec 31 08:04:09 BRST 2021","18","","PaymentPayloadWrongDataType.OasDbPaymentPayloadWrongDataType_1iyi9997lw5km","","PaymentPayloadWrongDataType.OasDbPaymentPayloadWrongDataType_1iyi9997lw5km","test_s4sdo4go0v94_updatecharge","test_s4sdo4go0v94_updatecharge",""
"failed","Fri Dec 31 08:15:21 BRST 2021","Fri Dec 31 08:15:22 BRST 2021","13","","PaymentPayloadWrongDataType.OasDbPaymentPayloadWrongDataType_1iavdb7l9kxtd","","PaymentPayloadWrongDataType.OasDbPaymentPayloadWrongDataType_1iavdb7l9kxtd","test_r17bay0pl54g_createcharge","test_r17bay0pl54g_createcharge",""
"failed","Fri Dec 31 08:04:14 BRST 2021","Fri Dec 31 08:04:14 BRST 2021","16","","PaymentPayloadWrongDataType.OasDbPaymentPayloadWrongDataType_1iyi9997lw5km","","PaymentPayloadWrongDataType.OasDbPaymentPayloadWrongDataType_1iyi9997lw5km","test_tol5k8ynexr9_createcharge","test_tol5k8ynexr9_createcharge",""
"passed","Fri Dec 31 08:14:24 BRST 2021","Fri Dec 31 08:14:24 BRST 2021","16","","PaymentPayloadWrongDataType.OasDbPaymentPayloadWrongDataType_qxtv30ic6f5h","","PaymentPayloadWrongDataType.OasDbPaymentPayloadWrongDataType_qxtv30ic6f5h","test_t4f3ramibtya_deletecharge","test_t4f3ramibtya_deletecharge",""
"failed","Fri Dec 31 08:11:53 BRST 2021","Fri Dec 31 08:11:53 BRST 2021","14","","PaymentPayloadWrongDataType.OasDbPaymentPayloadWrongDataType_u82clhjoq69f","","PaymentPayloadWrongDataType.OasDbPaymentPayloadWrongDataType_u82clhjoq69f","test_vf1ezxib2z3q_createcharge","test_vf1ezxib2z3q_createcharge",""
"passed","Fri Dec 31 08:20:42 BRST 2021","Fri Dec 31 08:20:42 BRST 2021","13","","PaymentPayloadWrongDataType.OasDbPaymentPayloadWrongDataType_qhsx7s4l8c3a","","PaymentPayloadWrongDataType.OasDbPaymentPayloadWrongDataType_qhsx7s4l8c3a","test_vf1fgbszkq5g_updatecharge","test_vf1fgbszkq5g_updatecharge",""
"passed","Fri Dec 31 08:11:28 BRST 2021","Fri Dec 31 08:11:28 BRST 2021","14","","PaymentPayloadWrongDataType.OasDbPaymentPayloadWrongDataType_u82clhjoq69f","","PaymentPayloadWrongDataType.OasDbPaymentPayloadWrongDataType_u82clhjoq69f","test_s1gnvyk6teud_readcharge","test_s1gnvyk6teud_readcharge",""
"failed","Fri Dec 31 08:13:11 BRST 2021","Fri Dec 31 08:13:11 BRST 2021","13","","PaymentPayloadWrongDataType.OasDbPaymentPayloadWrongDataType_sksd8x3z7azp","","PaymentPayloadWrongDataType.OasDbPaymentPayloadWrongDataType_sksd8x3z7azp","test_t4vpat3igcol_createcharge","test_t4vpat3igcol_createcharge",""
"failed","Fri Dec 31 08:07:57 BRST 2021","Fri Dec 31 08:07:57 BRST 2021","14","","PaymentPayloadWrongDataType.OasDbPaymentPayloadWrongDataType_1jy4z0xgg00mu","","PaymentPayloadWrongDataType.OasDbPaymentPayloadWrongDataType_1jy4z0xgg00mu","test_1iemp45xo7xo3_updatecharge","test_1iemp45xo7xo3_updatecharge",""
"failed","Fri Dec 31 08:02:42 BRST 2021","Fri Dec 31 08:02:42 BRST 2021","20","","PaymentPayloadWrongDataType.OasDbPaymentPayloadWrongDataType_1hb87phbd5eg5","","PaymentPayloadWrongDataType.OasDbPaymentPayloadWrongDataType_1hb87phbd5eg5","test_rhdca4bc2lh2_createcharge","test_rhdca4bc2lh2_createcharge",""
"passed","Fri Dec 31 08:06:19 BRST 2021","Fri Dec 31 08:06:19 BRST 2021","15","","PaymentPayloadWrongDataType.OasDbPaymentPayloadWrongDataType_1iukdc9pgnj8z","","PaymentPayloadWrongDataType.OasDbPaymentPayloadWrongDataType_1iukdc9pgnj8z","test_1hrm1or13h3za_deletecharge","test_1hrm1or13h3za_deletecharge",""
"passed","Fri Dec 31 08:05:07 BRST 2021","Fri Dec 31 08:05:07 BRST 2021","17","","PaymentPayloadWrongDataType.OasDbPaymentPayloadWrongDataType_s4ulkdp2bo0x","","PaymentPayloadWrongDataType.OasDbPaymentPayloadWrongDataType_s4ulkdp2bo0x","test_r1fkal2gjprr_readcharge","test_r1fkal2gjprr_readcharge",""
"passed","Fri Dec 31 08:05:57 BRST 2021","Fri Dec 31 08:05:57 BRST 2021","16","","PaymentPayloadWrongDataType.OasDbPaymentPayloadWrongDataType_s4ulkdp2bo0x","","PaymentPayloadWrongDataType.OasDbPaymentPayloadWrongDataType_s4ulkdp2bo0x","test_urxgrzs8a9tf_updatecharge","test_urxgrzs8a9tf_updatecharge",""
"failed","Fri Dec 31 08:17:25 BRST 2021","Fri Dec 31 08:17:25 BRST 2021","14","","PaymentPayloadWrongDataType.OasDbPaymentPayloadWrongDataType_1hblin1dluput","","PaymentPayloadWrongDataType.OasDbPaymentPayloadWrongDataType_1hblin1dluput","test_s4xcyibsfcyr_createcharge","test_s4xcyibsfcyr_createcharge",""
"passed","Fri Dec 31 08:17:45 BRST 2021","Fri Dec 31 08:17:45 BRST 2021","13","","PaymentPayloadWrongDataType.OasDbPaymentPayloadWrongDataType_1hblin1dluput","","PaymentPayloadWrongDataType.OasDbPaymentPayloadWrongDataType_1hblin1dluput","test_vey4icxcsqcj_updatecharge","test_vey4icxcsqcj_updatecharge",""
"failed","Fri Dec 31 08:15:11 BRST 2021","Fri Dec 31 08:15:11 BRST 2021","14","","PaymentPayloadWrongDataType.OasDbPaymentPayloadWrongDataType_1iavdb7l9kxtd","","PaymentPayloadWrongDataType.OasDbPaymentPayloadWrongDataType_1iavdb7l9kxtd","test_1iyexluu6shme_updatecharge","test_1iyexluu6shme_updatecharge",""
"passed","Fri Dec 31 08:09:50 BRST 2021","Fri Dec 31 08:09:50 BRST 2021","14","","PaymentPayloadWrongDataType.OasDbPaymentPayloadWrongDataType_1h7zrjhuo8je8","","PaymentPayloadWrongDataType.OasDbPaymentPayloadWrongDataType_1h7zrjhuo8je8","test_t8a58hgenzua_deletecharge","test_t8a58hgenzua_deletecharge",""
"passed","Fri Dec 31 08:10:43 BRST 2021","Fri Dec 31 08:10:43 BRST 2021","15","","PaymentPayloadWrongDataType.OasDbPaymentPayloadWrongDataType_u82clhjoq69f","","PaymentPayloadWrongDataType.OasDbPaymentPayloadWrongDataType_u82clhjoq69f","test_1hb7pbieozinq_updatecharge","test_1hb7pbieozinq_updatecharge",""
"failed","Fri Dec 31 08:16:45 BRST 2021","Fri Dec 31 08:16:45 BRST 2021","13","","PaymentPayloadWrongDataType.OasDbPaymentPayloadWrongDataType_1hblin1dluput","","PaymentPayloadWrongDataType.OasDbPaymentPayloadWrongDataType_1hblin1dluput","test_1iv9b915d24bn_createcharge","test_1iv9b915d24bn_createcharge",""
"passed","Fri Dec 31 08:17:58 BRST 2021","Fri Dec 31 08:17:58 BRST 2021","14","","PaymentPayloadWrongDataType.OasDbPaymentPayloadWrongDataType_urp3hyvulh6f","","PaymentPayloadWrongDataType.OasDbPaymentPayloadWrongDataType_urp3hyvulh6f","test_1h7inffp854q8_readcharge","test_1h7inffp854q8_readcharge",""
"passed","Fri Dec 31 08:13:48 BRST 2021","Fri Dec 31 08:13:48 BRST 2021","13","","PaymentPayloadWrongDataType.OasDbPaymentPayloadWrongDataType_qxtv30ic6f5h","","PaymentPayloadWrongDataType.OasDbPaymentPayloadWrongDataType_qxtv30ic6f5h","test_1jig2v8c694xd_readcharge","test_1jig2v8c694xd_readcharge",""
"passed","Fri Dec 31 08:10:48 BRST 2021","Fri Dec 31 08:10:48 BRST 2021","14","","PaymentPayloadWrongDataType.OasDbPaymentPayloadWrongDataType_u82clhjoq69f","","PaymentPayloadWrongDataType.OasDbPaymentPayloadWrongDataType_u82clhjoq69f","test_1hrpbdyamoz1h_updatecharge","test_1hrpbdyamoz1h_updatecharge",""
"failed","Fri Dec 31 08:09:45 BRST 2021","Fri Dec 31 08:09:45 BRST 2021","14","","PaymentPayloadWrongDataType.OasDbPaymentPayloadWrongDataType_1h7zrjhuo8je8","","PaymentPayloadWrongDataType.OasDbPaymentPayloadWrongDataType_1h7zrjhuo8je8","test_s4p1pbmtnsdi_createcharge","test_s4p1pbmtnsdi_createcharge",""
"failed","Fri Dec 31 08:04:35 BRST 2021","Fri Dec 31 08:04:35 BRST 2021","18","","PaymentPayloadWrongDataType.OasDbPaymentPayloadWrongDataType_1iyi9997lw5km","","PaymentPayloadWrongDataType.OasDbPaymentPayloadWrongDataType_1iyi9997lw5km","test_vf3pasabc57m_createcharge","test_vf3pasabc57m_createcharge",""
"passed","Fri Dec 31 08:09:10 BRST 2021","Fri Dec 31 08:09:10 BRST 2021","16","","PaymentPayloadWrongDataType.OasDbPaymentPayloadWrongDataType_1h7zrjhuo8je8","","PaymentPayloadWrongDataType.OasDbPaymentPayloadWrongDataType_1h7zrjhuo8je8","test_1iuyrbb2m9lra_deletecharge","test_1iuyrbb2m9lra_deletecharge",""
"passed","Fri Dec 31 08:07:47 BRST 2021","Fri Dec 31 08:07:47 BRST 2021","14","","PaymentPayloadWrongDataType.OasDbPaymentPayloadWrongDataType_1jy4z0xgg00mu","","PaymentPayloadWrongDataType.OasDbPaymentPayloadWrongDataType_1jy4z0xgg00mu","test_1hbd85sxy9nj8_updatecharge","test_1hbd85sxy9nj8_updatecharge",""
"passed","Fri Dec 31 08:12:26 BRST 2021","Fri Dec 31 08:12:26 BRST 2021","13","","PaymentPayloadWrongDataType.OasDbPaymentPayloadWrongDataType_sksd8x3z7azp","","PaymentPayloadWrongDataType.OasDbPaymentPayloadWrongDataType_sksd8x3z7azp","test_1hrdqd1o50ily_deletecharge","test_1hrdqd1o50ily_deletecharge",""
"failed","Fri Dec 31 08:11:08 BRST 2021","Fri Dec 31 08:11:08 BRST 2021","14","","PaymentPayloadWrongDataType.OasDbPaymentPayloadWrongDataType_u82clhjoq69f","","PaymentPayloadWrongDataType.OasDbPaymentPayloadWrongDataType_u82clhjoq69f","test_1k1ziwhh10vud_updatecharge","test_1k1ziwhh10vud_updatecharge",""
"failed","Fri Dec 31 08:10:58 BRST 2021","Fri Dec 31 08:10:58 BRST 2021","14","","PaymentPayloadWrongDataType.OasDbPaymentPayloadWrongDataType_u82clhjoq69f","","PaymentPayloadWrongDataType.OasDbPaymentPayloadWrongDataType_u82clhjoq69f","test_1iemp6kehumgk_createcharge","test_1iemp6kehumgk_createcharge",""
"failed","Fri Dec 31 08:11:23 BRST 2021","Fri Dec 31 08:11:23 BRST 2021","13","","PaymentPayloadWrongDataType.OasDbPaymentPayloadWrongDataType_u82clhjoq69f","","PaymentPayloadWrongDataType.OasDbPaymentPayloadWrongDataType_u82clhjoq69f","test_qy4fgy9yz9sz_createcharge","test_qy4fgy9yz9sz_createcharge",""
"failed","Fri Dec 31 08:18:28 BRST 2021","Fri Dec 31 08:18:28 BRST 2021","14","","PaymentPayloadWrongDataType.OasDbPaymentPayloadWrongDataType_urp3hyvulh6f","","PaymentPayloadWrongDataType.OasDbPaymentPayloadWrongDataType_urp3hyvulh6f","test_1jefg9vmdghm8_createcharge","test_1jefg9vmdghm8_createcharge",""
"passed","Fri Dec 31 08:16:17 BRST 2021","Fri Dec 31 08:16:17 BRST 2021","14","","PaymentPayloadWrongDataType.OasDbPaymentPayloadWrongDataType_1iavdb7l9kxtd","","PaymentPayloadWrongDataType.OasDbPaymentPayloadWrongDataType_1iavdb7l9kxtd","test_vf47jxidjhgy_updatecharge","test_vf47jxidjhgy_updatecharge",""
"passed","Fri Dec 31 08:01:50 BRST 2021","Fri Dec 31 08:01:51 BRST 2021","1059","","PaymentPayloadWrongDataType.OasDbPaymentPayloadWrongDataType_1hb87phbd5eg5","","PaymentPayloadWrongDataType.OasDbPaymentPayloadWrongDataType_1hb87phbd5eg5","test_1h7lf4t5g38ti_deletecharge","test_1h7lf4t5g38ti_deletecharge",""
"failed","Fri Dec 31 08:14:19 BRST 2021","Fri Dec 31 08:14:19 BRST 2021","14","","PaymentPayloadWrongDataType.OasDbPaymentPayloadWrongDataType_qxtv30ic6f5h","","PaymentPayloadWrongDataType.OasDbPaymentPayloadWrongDataType_qxtv30ic6f5h","test_sl3x66hv5t0x_createcharge","test_sl3x66hv5t0x_createcharge",""
"failed","Fri Dec 31 08:12:05 BRST 2021","Fri Dec 31 08:12:05 BRST 2021","14","","PaymentPayloadWrongDataType.OasDbPaymentPayloadWrongDataType_sksd8x3z7azp","","PaymentPayloadWrongDataType.OasDbPaymentPayloadWrongDataType_sksd8x3z7azp","test_1h7oq06xvcx80_updatecharge","test_1h7oq06xvcx80_updatecharge",""
"passed","Fri Dec 31 08:03:19 BRST 2021","Fri Dec 31 08:03:19 BRST 2021","20","","PaymentPayloadWrongDataType.OasDbPaymentPayloadWrongDataType_1iyi9997lw5km","","PaymentPayloadWrongDataType.OasDbPaymentPayloadWrongDataType_1iyi9997lw5km","test_1jeo97jnrsvg7_deletecharge","test_1jeo97jnrsvg7_deletecharge",""
"failed","Fri Dec 31 08:06:14 BRST 2021","Fri Dec 31 08:06:14 BRST 2021","16","","PaymentPayloadWrongDataType.OasDbPaymentPayloadWrongDataType_1iukdc9pgnj8z","","PaymentPayloadWrongDataType.OasDbPaymentPayloadWrongDataType_1iukdc9pgnj8z","test_1hb7ojik1mkhk_createcharge","test_1hb7ojik1mkhk_createcharge",""
"failed","Fri Dec 31 08:18:03 BRST 2021","Fri Dec 31 08:18:03 BRST 2021","14","","PaymentPayloadWrongDataType.OasDbPaymentPayloadWrongDataType_urp3hyvulh6f","","PaymentPayloadWrongDataType.OasDbPaymentPayloadWrongDataType_urp3hyvulh6f","test_1iaxp3dr6m59t_createcharge","test_1iaxp3dr6m59t_createcharge",""
"passed","Fri Dec 31 08:22:10 BRST 2021","Fri Dec 31 08:22:10 BRST 2021","13","","PaymentPayloadWrongDataType.OasDbPaymentPayloadWrongDataType_t4yyjnz4v12q","","PaymentPayloadWrongDataType.OasDbPaymentPayloadWrongDataType_t4yyjnz4v12q","test_vb6t66bo7k1f_readcharge","test_vb6t66bo7k1f_readcharge",""
"failed","Fri Dec 31 08:05:22 BRST 2021","Fri Dec 31 08:05:22 BRST 2021","16","","PaymentPayloadWrongDataType.OasDbPaymentPayloadWrongDataType_s4ulkdp2bo0x","","PaymentPayloadWrongDataType.OasDbPaymentPayloadWrongDataType_s4ulkdp2bo0x","test_rhdb4107ghgh_createcharge","test_rhdb4107ghgh_createcharge",""
"passed","Fri Dec 31 08:10:38 BRST 2021","Fri Dec 31 08:10:38 BRST 2021","15","","PaymentPayloadWrongDataType.OasDbPaymentPayloadWrongDataType_u82clhjoq69f","","PaymentPayloadWrongDataType.OasDbPaymentPayloadWrongDataType_u82clhjoq69f","test_1hb7pbgi5s1np_readcharge","test_1hb7pbgi5s1np_readcharge",""
"failed","Fri Dec 31 08:16:35 BRST 2021","Fri Dec 31 08:16:35 BRST 2021","13","","PaymentPayloadWrongDataType.OasDbPaymentPayloadWrongDataType_1hblin1dluput","","PaymentPayloadWrongDataType.OasDbPaymentPayloadWrongDataType_1hblin1dluput","test_1ieuyy3sd1zza_updatecharge","test_1ieuyy3sd1zza_updatecharge",""
"failed","Fri Dec 31 08:19:42 BRST 2021","Fri Dec 31 08:19:42 BRST 2021","13","","PaymentPayloadWrongDataType.OasDbPaymentPayloadWrongDataType_qhsx7s4l8c3a","","PaymentPayloadWrongDataType.OasDbPaymentPayloadWrongDataType_qhsx7s4l8c3a","test_1jelgz5zd2fxs_createcharge","test_1jelgz5zd2fxs_createcharge",""
"passed","Fri Dec 31 08:10:20 BRST 2021","Fri Dec 31 08:10:20 BRST 2021","13","","PaymentPayloadWrongDataType.OasDbPaymentPayloadWrongDataType_1h7zrjhuo8je8","","PaymentPayloadWrongDataType.OasDbPaymentPayloadWrongDataType_1h7zrjhuo8je8","test_vf46dqkqihbr_readcharge","test_vf46dqkqihbr_readcharge",""
"passed","Fri Dec 31 08:08:07 BRST 2021","Fri Dec 31 08:08:07 BRST 2021","14","","PaymentPayloadWrongDataType.OasDbPaymentPayloadWrongDataType_1jy4z0xgg00mu","","PaymentPayloadWrongDataType.OasDbPaymentPayloadWrongDataType_1jy4z0xgg00mu","test_1iv73qp1vsdba_deletecharge","test_1iv73qp1vsdba_deletecharge",""
"passed","Fri Dec 31 08:14:09 BRST 2021","Fri Dec 31 08:14:09 BRST 2021","14","","PaymentPayloadWrongDataType.OasDbPaymentPayloadWrongDataType_qxtv30ic6f5h","","PaymentPayloadWrongDataType.OasDbPaymentPayloadWrongDataType_qxtv30ic6f5h","test_rl5nmi9q5451_deletecharge","test_rl5nmi9q5451_deletecharge",""
"passed","Fri Dec 31 08:08:57 BRST 2021","Fri Dec 31 08:08:57 BRST 2021","14","","PaymentPayloadWrongDataType.OasDbPaymentPayloadWrongDataType_1jy4z0xgg00mu","","PaymentPayloadWrongDataType.OasDbPaymentPayloadWrongDataType_1jy4z0xgg00mu","test_veyo067tv2ar_deletecharge","test_veyo067tv2ar_deletecharge",""
"passed","Fri Dec 31 08:02:52 BRST 2021","Fri Dec 31 08:02:52 BRST 2021","19","","PaymentPayloadWrongDataType.OasDbPaymentPayloadWrongDataType_1hb87phbd5eg5","","PaymentPayloadWrongDataType.OasDbPaymentPayloadWrongDataType_1hb87phbd5eg5","test_s0v16bveabms_deletecharge","test_s0v16bveabms_deletecharge",""
"passed","Fri Dec 31 08:02:02 BRST 2021","Fri Dec 31 08:02:02 BRST 2021","50","","PaymentPayloadWrongDataType.OasDbPaymentPayloadWrongDataType_1hb87phbd5eg5","","PaymentPayloadWrongDataType.OasDbPaymentPayloadWrongDataType_1hb87phbd5eg5","test_1iavf9ep5fbxy_updatecharge","test_1iavf9ep5fbxy_updatecharge",""
"failed","Fri Dec 31 08:13:21 BRST 2021","Fri Dec 31 08:13:21 BRST 2021","16","","PaymentPayloadWrongDataType.OasDbPaymentPayloadWrongDataType_sksd8x3z7azp","","PaymentPayloadWrongDataType.OasDbPaymentPayloadWrongDataType_sksd8x3z7azp","test_u7xdmo1gyf6u_updatecharge","test_u7xdmo1gyf6u_updatecharge",""
"failed","Fri Dec 31 08:02:27 BRST 2021","Fri Dec 31 08:02:27 BRST 2021","25","","PaymentPayloadWrongDataType.OasDbPaymentPayloadWrongDataType_1hb87phbd5eg5","","PaymentPayloadWrongDataType.OasDbPaymentPayloadWrongDataType_1hb87phbd5eg5","test_1jia1s75lacmc_updatecharge","test_1jia1s75lacmc_updatecharge",""
"passed","Fri Dec 31 08:09:15 BRST 2021","Fri Dec 31 08:09:15 BRST 2021","14","","PaymentPayloadWrongDataType.OasDbPaymentPayloadWrongDataType_1h7zrjhuo8je8","","PaymentPayloadWrongDataType.OasDbPaymentPayloadWrongDataType_1h7zrjhuo8je8","test_1iykibrq9n3he_deletecharge","test_1iykibrq9n3he_deletecharge",""
"passed","Fri Dec 31 08:05:17 BRST 2021","Fri Dec 31 08:05:17 BRST 2021","19","","PaymentPayloadWrongDataType.OasDbPaymentPayloadWrongDataType_s4ulkdp2bo0x","","PaymentPayloadWrongDataType.OasDbPaymentPayloadWrongDataType_s4ulkdp2bo0x","test_rhak6u3z2x4l_updatecharge","test_rhak6u3z2x4l_updatecharge",""
"passed","Fri Dec 31 08:21:00 BRST 2021","Fri Dec 31 08:21:00 BRST 2021","12","","PaymentPayloadWrongDataType.OasDbPaymentPayloadWrongDataType_t4yyjnz4v12q","","PaymentPayloadWrongDataType.OasDbPaymentPayloadWrongDataType_t4yyjnz4v12q","test_1hbd8xovb56ci_deletecharge","test_1hbd8xovb56ci_deletecharge",""
"passed","Fri Dec 31 08:10:00 BRST 2021","Fri Dec 31 08:10:00 BRST 2021","14","","PaymentPayloadWrongDataType.OasDbPaymentPayloadWrongDataType_1h7zrjhuo8je8","","PaymentPayloadWrongDataType.OasDbPaymentPayloadWrongDataType_1h7zrjhuo8je8","test_ts1yj9cjiv5c_updatecharge","test_ts1yj9cjiv5c_updatecharge",""
"failed","Fri Dec 31 08:20:17 BRST 2021","Fri Dec 31 08:20:17 BRST 2021","13","","PaymentPayloadWrongDataType.OasDbPaymentPayloadWrongDataType_qhsx7s4l8c3a","","PaymentPayloadWrongDataType.OasDbPaymentPayloadWrongDataType_qhsx7s4l8c3a","test_t8cfv2uefvhy_updatecharge","test_t8cfv2uefvhy_updatecharge",""
"passed","Fri Dec 31 08:18:48 BRST 2021","Fri Dec 31 08:18:48 BRST 2021","13","","PaymentPayloadWrongDataType.OasDbPaymentPayloadWrongDataType_urp3hyvulh6f","","PaymentPayloadWrongDataType.OasDbPaymentPayloadWrongDataType_urp3hyvulh6f","test_skjz9idd0gmx_deletecharge","test_skjz9idd0gmx_deletecharge",""
"failed","Fri Dec 31 08:22:00 BRST 2021","Fri Dec 31 08:22:00 BRST 2021","13","","PaymentPayloadWrongDataType.OasDbPaymentPayloadWrongDataType_t4yyjnz4v12q","","PaymentPayloadWrongDataType.OasDbPaymentPayloadWrongDataType_t4yyjnz4v12q","test_u8573l54ewxe_createcharge","test_u8573l54ewxe_createcharge",""
"failed","Fri Dec 31 08:07:25 BRST 2021","Fri Dec 31 08:07:25 BRST 2021","16","","PaymentPayloadWrongDataType.OasDbPaymentPayloadWrongDataType_1iukdc9pgnj8z","","PaymentPayloadWrongDataType.OasDbPaymentPayloadWrongDataType_1iukdc9pgnj8z","test_uvk7n64x8db6_createcharge","test_uvk7n64x8db6_createcharge",""
"passed","Fri Dec 31 08:05:37 BRST 2021","Fri Dec 31 08:05:37 BRST 2021","15","","PaymentPayloadWrongDataType.OasDbPaymentPayloadWrongDataType_s4ulkdp2bo0x","","PaymentPayloadWrongDataType.OasDbPaymentPayloadWrongDataType_s4ulkdp2bo0x","test_s1dwvthxpjxu_deletecharge","test_s1dwvthxpjxu_deletecharge",""
"passed","Fri Dec 31 08:06:55 BRST 2021","Fri Dec 31 08:06:55 BRST 2021","15","","PaymentPayloadWrongDataType.OasDbPaymentPayloadWrongDataType_1iukdc9pgnj8z","","PaymentPayloadWrongDataType.OasDbPaymentPayloadWrongDataType_1iukdc9pgnj8z","test_sok50yohlc2q_readcharge","test_sok50yohlc2q_readcharge",""
"passed","Fri Dec 31 08:20:07 BRST 2021","Fri Dec 31 08:20:07 BRST 2021","13","","PaymentPayloadWrongDataType.OasDbPaymentPayloadWrongDataType_qhsx7s4l8c3a","","PaymentPayloadWrongDataType.OasDbPaymentPayloadWrongDataType_qhsx7s4l8c3a","test_skvl0211nuwk_readcharge","test_skvl0211nuwk_readcharge",""
"passed","Fri Dec 31 08:20:12 BRST 2021","Fri Dec 31 08:20:12 BRST 2021","12","","PaymentPayloadWrongDataType.OasDbPaymentPayloadWrongDataType_qhsx7s4l8c3a","","PaymentPayloadWrongDataType.OasDbPaymentPayloadWrongDataType_qhsx7s4l8c3a","test_t844jhcokjlh_deletecharge","test_t844jhcokjlh_deletecharge",""
"passed","Fri Dec 31 08:03:54 BRST 2021","Fri Dec 31 08:03:54 BRST 2021","18","","PaymentPayloadWrongDataType.OasDbPaymentPayloadWrongDataType_1iyi9997lw5km","","PaymentPayloadWrongDataType.OasDbPaymentPayloadWrongDataType_1iyi9997lw5km","test_rhug328xlpo3_deletecharge","test_rhug328xlpo3_deletecharge",""
"failed","Fri Dec 31 08:13:59 BRST 2021","Fri Dec 31 08:13:59 BRST 2021","13","","PaymentPayloadWrongDataType.OasDbPaymentPayloadWrongDataType_qxtv30ic6f5h","","PaymentPayloadWrongDataType.OasDbPaymentPayloadWrongDataType_qxtv30ic6f5h","test_qxfz3yho0htf_createcharge","test_qxfz3yho0htf_createcharge",""
"passed","Fri Dec 31 08:06:34 BRST 2021","Fri Dec 31 08:06:35 BRST 2021","15","","PaymentPayloadWrongDataType.OasDbPaymentPayloadWrongDataType_1iukdc9pgnj8z","","PaymentPayloadWrongDataType.OasDbPaymentPayloadWrongDataType_1iukdc9pgnj8z","test_1jezbx274unae_readcharge","test_1jezbx274unae_readcharge",""
"passed","Fri Dec 31 08:11:48 BRST 2021","Fri Dec 31 08:11:48 BRST 2021","13","","PaymentPayloadWrongDataType.OasDbPaymentPayloadWrongDataType_u82clhjoq69f","","PaymentPayloadWrongDataType.OasDbPaymentPayloadWrongDataType_u82clhjoq69f","test_vbszowsd8jzl_deletecharge","test_vbszowsd8jzl_deletecharge",""
"passed","Fri Dec 31 08:20:22 BRST 2021","Fri Dec 31 08:20:22 BRST 2021","12","","PaymentPayloadWrongDataType.OasDbPaymentPayloadWrongDataType_qhsx7s4l8c3a","","PaymentPayloadWrongDataType.OasDbPaymentPayloadWrongDataType_qhsx7s4l8c3a","test_tolqanzt6q90_readcharge","test_tolqanzt6q90_readcharge",""
"failed","Fri Dec 31 08:02:57 BRST 2021","Fri Dec 31 08:02:57 BRST 2021","21","","PaymentPayloadWrongDataType.OasDbPaymentPayloadWrongDataType_1hb87phbd5eg5","","PaymentPayloadWrongDataType.OasDbPaymentPayloadWrongDataType_1hb87phbd5eg5","test_s1jxywolwqxx_createcharge","test_s1jxywolwqxx_createcharge",""
"passed","Fri Dec 31 08:20:27 BRST 2021","Fri Dec 31 08:20:27 BRST 2021","12","","PaymentPayloadWrongDataType.OasDbPaymentPayloadWrongDataType_qhsx7s4l8c3a","","PaymentPayloadWrongDataType.OasDbPaymentPayloadWrongDataType_qhsx7s4l8c3a","test_trtna8me3hvd_readcharge","test_trtna8me3hvd_readcharge",""
"passed","Fri Dec 31 08:21:55 BRST 2021","Fri Dec 31 08:21:55 BRST 2021","16","","PaymentPayloadWrongDataType.OasDbPaymentPayloadWrongDataType_t4yyjnz4v12q","","PaymentPayloadWrongDataType.OasDbPaymentPayloadWrongDataType_t4yyjnz4v12q","test_u7zl7mtk1a3p_updatecharge","test_u7zl7mtk1a3p_updatecharge",""
"failed","Fri Dec 31 08:04:25 BRST 2021","Fri Dec 31 08:04:25 BRST 2021","22","","PaymentPayloadWrongDataType.OasDbPaymentPayloadWrongDataType_1iyi9997lw5km","","PaymentPayloadWrongDataType.OasDbPaymentPayloadWrongDataType_1iyi9997lw5km","test_urv6gx43t3cg_updatecharge","test_urv6gx43t3cg_updatecharge",""
"passed","Fri Dec 31 08:09:40 BRST 2021","Fri Dec 31 08:09:40 BRST 2021","15","","PaymentPayloadWrongDataType.OasDbPaymentPayloadWrongDataType_1h7zrjhuo8je8","","PaymentPayloadWrongDataType.OasDbPaymentPayloadWrongDataType_1h7zrjhuo8je8","test_qxtba4akrlth_updatecharge","test_qxtba4akrlth_updatecharge",""
"failed","Fri Dec 31 08:12:41 BRST 2021","Fri Dec 31 08:12:41 BRST 2021","13","","PaymentPayloadWrongDataType.OasDbPaymentPayloadWrongDataType_sksd8x3z7azp","","PaymentPayloadWrongDataType.OasDbPaymentPayloadWrongDataType_sksd8x3z7azp","test_1iv10dm2qxw0z_createcharge","test_1iv10dm2qxw0z_createcharge",""
"failed","Fri Dec 31 08:09:30 BRST 2021","Fri Dec 31 08:09:30 BRST 2021","14","","PaymentPayloadWrongDataType.OasDbPaymentPayloadWrongDataType_1h7zrjhuo8je8","","PaymentPayloadWrongDataType.OasDbPaymentPayloadWrongDataType_1h7zrjhuo8je8","test_qdvidcry6cl0_createcharge","test_qdvidcry6cl0_createcharge",""
"failed","Fri Dec 31 08:18:58 BRST 2021","Fri Dec 31 08:18:58 BRST 2021","13","","PaymentPayloadWrongDataType.OasDbPaymentPayloadWrongDataType_urp3hyvulh6f","","PaymentPayloadWrongDataType.OasDbPaymentPayloadWrongDataType_urp3hyvulh6f","test_t4l3ckmdnoza_createcharge","test_t4l3ckmdnoza_createcharge",""
"passed","Fri Dec 31 08:05:42 BRST 2021","Fri Dec 31 08:05:42 BRST 2021","17","","PaymentPayloadWrongDataType.OasDbPaymentPayloadWrongDataType_s4ulkdp2bo0x","","PaymentPayloadWrongDataType.OasDbPaymentPayloadWrongDataType_s4ulkdp2bo0x","test_t4ibw3l6ozeg_updatecharge","test_t4ibw3l6ozeg_updatecharge",""
"passed","Fri Dec 31 08:09:55 BRST 2021","Fri Dec 31 08:09:55 BRST 2021","13","","PaymentPayloadWrongDataType.OasDbPaymentPayloadWrongDataType_1h7zrjhuo8je8","","PaymentPayloadWrongDataType.OasDbPaymentPayloadWrongDataType_1h7zrjhuo8je8","test_tofpldmhu9gi_readcharge","test_tofpldmhu9gi_readcharge",""
"passed","Fri Dec 31 08:13:06 BRST 2021","Fri Dec 31 08:13:06 BRST 2021","14","","PaymentPayloadWrongDataType.OasDbPaymentPayloadWrongDataType_sksd8x3z7azp","","PaymentPayloadWrongDataType.OasDbPaymentPayloadWrongDataType_sksd8x3z7azp","test_t4vn9z9d48jc_updatecharge","test_t4vn9z9d48jc_updatecharge",""
"passed","Fri Dec 31 08:08:12 BRST 2021","Fri Dec 31 08:08:12 BRST 2021","14","","PaymentPayloadWrongDataType.OasDbPaymentPayloadWrongDataType_1jy4z0xgg00mu","","PaymentPayloadWrongDataType.OasDbPaymentPayloadWrongDataType_1jy4z0xgg00mu","test_1iv9dl28qacm9_readcharge","test_1iv9dl28qacm9_readcharge",""
"passed","Fri Dec 31 08:17:10 BRST 2021","Fri Dec 31 08:17:10 BRST 2021","14","","PaymentPayloadWrongDataType.OasDbPaymentPayloadWrongDataType_1hblin1dluput","","PaymentPayloadWrongDataType.OasDbPaymentPayloadWrongDataType_1hblin1dluput","test_s18wfhuuehyd_updatecharge","test_s18wfhuuehyd_updatecharge",""
"passed","Fri Dec 31 08:03:24 BRST 2021","Fri Dec 31 08:03:24 BRST 2021","19","","PaymentPayloadWrongDataType.OasDbPaymentPayloadWrongDataType_1iyi9997lw5km","","PaymentPayloadWrongDataType.OasDbPaymentPayloadWrongDataType_1iyi9997lw5km","test_1jyd7xlapf12u_readcharge","test_1jyd7xlapf12u_readcharge",""
"failed","Fri Dec 31 08:11:33 BRST 2021","Fri Dec 31 08:11:33 BRST 2021","13","","PaymentPayloadWrongDataType.OasDbPaymentPayloadWrongDataType_u82clhjoq69f","","PaymentPayloadWrongDataType.OasDbPaymentPayloadWrongDataType_u82clhjoq69f","test_skxwgy6d360p_createcharge","test_skxwgy6d360p_createcharge",""
"passed","Fri Dec 31 08:10:10 BRST 2021","Fri Dec 31 08:10:10 BRST 2021","13","","PaymentPayloadWrongDataType.OasDbPaymentPayloadWrongDataType_1h7zrjhuo8je8","","PaymentPayloadWrongDataType.OasDbPaymentPayloadWrongDataType_1h7zrjhuo8je8","test_ublw6b5yvi3l_readcharge","test_ublw6b5yvi3l_readcharge",""
"passed","Fri Dec 31 08:07:10 BRST 2021","Fri Dec 31 08:07:10 BRST 2021","15","","PaymentPayloadWrongDataType.OasDbPaymentPayloadWrongDataType_1iukdc9pgnj8z","","PaymentPayloadWrongDataType.OasDbPaymentPayloadWrongDataType_1iukdc9pgnj8z","test_ts5755jbvnsl_deletecharge","test_ts5755jbvnsl_deletecharge",""
"failed","Fri Dec 31 08:14:39 BRST 2021","Fri Dec 31 08:14:39 BRST 2021","15","","PaymentPayloadWrongDataType.OasDbPaymentPayloadWrongDataType_qxtv30ic6f5h","","PaymentPayloadWrongDataType.OasDbPaymentPayloadWrongDataType_qxtv30ic6f5h","test_trtmig8m3tye_createcharge","test_trtmig8m3tye_createcharge",""
"failed","Fri Dec 31 08:09:25 BRST 2021","Fri Dec 31 08:09:25 BRST 2021","15","","PaymentPayloadWrongDataType.OasDbPaymentPayloadWrongDataType_1h7zrjhuo8je8","","PaymentPayloadWrongDataType.OasDbPaymentPayloadWrongDataType_1h7zrjhuo8je8","test_1ji7qdflfmng6_createcharge","test_1ji7qdflfmng6_createcharge",""
"passed","Fri Dec 31 08:13:16 BRST 2021","Fri Dec 31 08:13:16 BRST 2021","14","","PaymentPayloadWrongDataType.OasDbPaymentPayloadWrongDataType_sksd8x3z7azp","","PaymentPayloadWrongDataType.OasDbPaymentPayloadWrongDataType_sksd8x3z7azp","test_tofmh6pzyqub_updatecharge","test_tofmh6pzyqub_updatecharge",""
"passed","Fri Dec 31 08:21:45 BRST 2021","Fri Dec 31 08:21:45 BRST 2021","12","","PaymentPayloadWrongDataType.OasDbPaymentPayloadWrongDataType_t4yyjnz4v12q","","PaymentPayloadWrongDataType.OasDbPaymentPayloadWrongDataType_t4yyjnz4v12q","test_toa40xpevckh_readcharge","test_toa40xpevckh_readcharge",""
"passed","Fri Dec 31 08:19:57 BRST 2021","Fri Dec 31 08:19:57 BRST 2021","12","","PaymentPayloadWrongDataType.OasDbPaymentPayloadWrongDataType_qhsx7s4l8c3a","","PaymentPayloadWrongDataType.OasDbPaymentPayloadWrongDataType_qhsx7s4l8c3a","test_s1dw3z6s6qlw_readcharge","test_s1dw3z6s6qlw_readcharge",""
"passed","Fri Dec 31 08:15:52 BRST 2021","Fri Dec 31 08:15:52 BRST 2021","14","","PaymentPayloadWrongDataType.OasDbPaymentPayloadWrongDataType_1iavdb7l9kxtd","","PaymentPayloadWrongDataType.OasDbPaymentPayloadWrongDataType_1iavdb7l9kxtd","test_toa4hjiw9ysh_updatecharge","test_toa4hjiw9ysh_updatecharge",""
"failed","Fri Dec 31 08:05:52 BRST 2021","Fri Dec 31 08:05:52 BRST 2021","15","","PaymentPayloadWrongDataType.OasDbPaymentPayloadWrongDataType_s4ulkdp2bo0x","","PaymentPayloadWrongDataType.OasDbPaymentPayloadWrongDataType_s4ulkdp2bo0x","test_ubrxz04w5aar_createcharge","test_ubrxz04w5aar_createcharge",""
"passed","Fri Dec 31 08:15:42 BRST 2021","Fri Dec 31 08:15:42 BRST 2021","12","","PaymentPayloadWrongDataType.OasDbPaymentPayloadWrongDataType_1iavdb7l9kxtd","","PaymentPayloadWrongDataType.OasDbPaymentPayloadWrongDataType_1iavdb7l9kxtd","test_t4l58jan0gmo_deletecharge","test_t4l58jan0gmo_deletecharge",""
"passed","Fri Dec 31 08:06:02 BRST 2021","Fri Dec 31 08:06:02 BRST 2021","15","","PaymentPayloadWrongDataType.OasDbPaymentPayloadWrongDataType_s4ulkdp2bo0x","","PaymentPayloadWrongDataType.OasDbPaymentPayloadWrongDataType_s4ulkdp2bo0x","test_vbpr5jcs0nky_readcharge","test_vbpr5jcs0nky_readcharge",""
"passed","Fri Dec 31 08:16:07 BRST 2021","Fri Dec 31 08:16:07 BRST 2021","12","","PaymentPayloadWrongDataType.OasDbPaymentPayloadWrongDataType_1iavdb7l9kxtd","","PaymentPayloadWrongDataType.OasDbPaymentPayloadWrongDataType_1iavdb7l9kxtd","test_uvjo5mr16jp1_deletecharge","test_uvjo5mr16jp1_deletecharge",""
"failed","Fri Dec 31 08:21:10 BRST 2021","Fri Dec 31 08:21:10 BRST 2021","14","","PaymentPayloadWrongDataType.OasDbPaymentPayloadWrongDataType_t4yyjnz4v12q","","PaymentPayloadWrongDataType.OasDbPaymentPayloadWrongDataType_t4yyjnz4v12q","test_1ien7vvoeirfp_updatecharge","test_1ien7vvoeirfp_updatecharge",""
"failed","Fri Dec 31 08:15:16 BRST 2021","Fri Dec 31 08:15:16 BRST 2021","13","","PaymentPayloadWrongDataType.OasDbPaymentPayloadWrongDataType_1iavdb7l9kxtd","","PaymentPayloadWrongDataType.OasDbPaymentPayloadWrongDataType_1iavdb7l9kxtd","test_1jeo9lh83fjae_createcharge","test_1jeo9lh83fjae_createcharge",""
"passed","Fri Dec 31 08:11:18 BRST 2021","Fri Dec 31 08:11:18 BRST 2021","13","","PaymentPayloadWrongDataType.OasDbPaymentPayloadWrongDataType_u82clhjoq69f","","PaymentPayloadWrongDataType.OasDbPaymentPayloadWrongDataType_u82clhjoq69f","test_qxw6633nhahx_deletecharge","test_qxw6633nhahx_deletecharge",""
"passed","Fri Dec 31 08:07:42 BRST 2021","Fri Dec 31 08:07:42 BRST 2021","17","","PaymentPayloadWrongDataType.OasDbPaymentPayloadWrongDataType_1jy4z0xgg00mu","","PaymentPayloadWrongDataType.OasDbPaymentPayloadWrongDataType_1jy4z0xgg00mu","test_1h84ucdjqm9ut_deletecharge","test_1h84ucdjqm9ut_deletecharge",""
"passed","Fri Dec 31 08:19:32 BRST 2021","Fri Dec 31 08:19:32 BRST 2021","13","","PaymentPayloadWrongDataType.OasDbPaymentPayloadWrongDataType_qhsx7s4l8c3a","","PaymentPayloadWrongDataType.OasDbPaymentPayloadWrongDataType_qhsx7s4l8c3a","test_1if11lbdul5ps_deletecharge","test_1if11lbdul5ps_deletecharge",""
"passed","Fri Dec 31 08:13:43 BRST 2021","Fri Dec 31 08:13:43 BRST 2021","13","","PaymentPayloadWrongDataType.OasDbPaymentPayloadWrongDataType_qxtv30ic6f5h","","PaymentPayloadWrongDataType.OasDbPaymentPayloadWrongDataType_qxtv30ic6f5h","test_1iyia4625ev6s_readcharge","test_1iyia4625ev6s_readcharge",""
"failed","Fri Dec 31 08:18:08 BRST 2021","Fri Dec 31 08:18:08 BRST 2021","13","","PaymentPayloadWrongDataType.OasDbPaymentPayloadWrongDataType_urp3hyvulh6f","","PaymentPayloadWrongDataType.OasDbPaymentPayloadWrongDataType_urp3hyvulh6f","test_1iaxphx0isx9f_createcharge","test_1iaxphx0isx9f_createcharge",""
"failed","Fri Dec 31 08:03:34 BRST 2021","Fri Dec 31 08:03:34 BRST 2021","20","","PaymentPayloadWrongDataType.OasDbPaymentPayloadWrongDataType_1iyi9997lw5km","","PaymentPayloadWrongDataType.OasDbPaymentPayloadWrongDataType_1iyi9997lw5km","test_qdysgyxjwje8_updatecharge","test_qdysgyxjwje8_updatecharge",""
"passed","Fri Dec 31 08:09:35 BRST 2021","Fri Dec 31 08:09:35 BRST 2021","14","","PaymentPayloadWrongDataType.OasDbPaymentPayloadWrongDataType_1h7zrjhuo8je8","","PaymentPayloadWrongDataType.OasDbPaymentPayloadWrongDataType_1h7zrjhuo8je8","test_qxl1ifdrq6ox_deletecharge","test_qxl1ifdrq6ox_deletecharge",""
"passed","Fri Dec 31 08:15:32 BRST 2021","Fri Dec 31 08:15:32 BRST 2021","13","","PaymentPayloadWrongDataType.OasDbPaymentPayloadWrongDataType_1iavdb7l9kxtd","","PaymentPayloadWrongDataType.OasDbPaymentPayloadWrongDataType_1iavdb7l9kxtd","test_rhtw75w0p1eu_readcharge","test_rhtw75w0p1eu_readcharge",""
"failed","Fri Dec 31 08:04:47 BRST 2021","Fri Dec 31 08:04:47 BRST 2021","18","","PaymentPayloadWrongDataType.OasDbPaymentPayloadWrongDataType_s4ulkdp2bo0x","","PaymentPayloadWrongDataType.OasDbPaymentPayloadWrongDataType_s4ulkdp2bo0x","test_1iexrtlq9ocbl_updatecharge","test_1iexrtlq9ocbl_updatecharge",""
"passed","Fri Dec 31 08:15:37 BRST 2021","Fri Dec 31 08:15:37 BRST 2021","12","","PaymentPayloadWrongDataType.OasDbPaymentPayloadWrongDataType_1iavdb7l9kxtd","","PaymentPayloadWrongDataType.OasDbPaymentPayloadWrongDataType_1iavdb7l9kxtd","test_sof3v3w3jr6p_readcharge","test_sof3v3w3jr6p_readcharge",""
"passed","Fri Dec 31 08:04:19 BRST 2021","Fri Dec 31 08:04:20 BRST 2021","15","","PaymentPayloadWrongDataType.OasDbPaymentPayloadWrongDataType_1iyi9997lw5km","","PaymentPayloadWrongDataType.OasDbPaymentPayloadWrongDataType_1iyi9997lw5km","test_ts572krrfodz_deletecharge","test_ts572krrfodz_deletecharge",""
"passed","Fri Dec 31 08:21:35 BRST 2021","Fri Dec 31 08:21:35 BRST 2021","12","","PaymentPayloadWrongDataType.OasDbPaymentPayloadWrongDataType_t4yyjnz4v12q","","PaymentPayloadWrongDataType.OasDbPaymentPayloadWrongDataType_t4yyjnz4v12q","test_sksaz6w2y6np_readcharge","test_sksaz6w2y6np_readcharge",""
"passed","Fri Dec 31 08:15:06 BRST 2021","Fri Dec 31 08:15:06 BRST 2021","14","","PaymentPayloadWrongDataType.OasDbPaymentPayloadWrongDataType_1iavdb7l9kxtd","","PaymentPayloadWrongDataType.OasDbPaymentPayloadWrongDataType_1iavdb7l9kxtd","test_1hbfz5qj0hch1_deletecharge","test_1hbfz5qj0hch1_deletecharge",""
"failed","Fri Dec 31 08:15:47 BRST 2021","Fri Dec 31 08:15:47 BRST 2021","13","","PaymentPayloadWrongDataType.OasDbPaymentPayloadWrongDataType_1iavdb7l9kxtd","","PaymentPayloadWrongDataType.OasDbPaymentPayloadWrongDataType_1iavdb7l9kxtd","test_t843rh2rzk2p_createcharge","test_t843rh2rzk2p_createcharge",""
"passed","Fri Dec 31 08:12:56 BRST 2021","Fri Dec 31 08:12:56 BRST 2021","16","","PaymentPayloadWrongDataType.OasDbPaymentPayloadWrongDataType_sksd8x3z7azp","","PaymentPayloadWrongDataType.OasDbPaymentPayloadWrongDataType_sksd8x3z7azp","test_1k1rp6umb86le_readcharge","test_1k1rp6umb86le_readcharge",""
"failed","Fri Dec 31 08:13:38 BRST 2021","Fri Dec 31 08:13:38 BRST 2021","14","","PaymentPayloadWrongDataType.OasDbPaymentPayloadWrongDataType_qxtv30ic6f5h","","PaymentPayloadWrongDataType.OasDbPaymentPayloadWrongDataType_qxtv30ic6f5h","test_1iyhpgfocir7b_updatecharge","test_1iyhpgfocir7b_updatecharge",""
"passed","Fri Dec 31 08:02:22 BRST 2021","Fri Dec 31 08:02:22 BRST 2021","23","","PaymentPayloadWrongDataType.OasDbPaymentPayloadWrongDataType_1hb87phbd5eg5","","PaymentPayloadWrongDataType.OasDbPaymentPayloadWrongDataType_1hb87phbd5eg5","test_1jeyvhgdxny2d_deletecharge","test_1jeyvhgdxny2d_deletecharge",""
"passed","Fri Dec 31 08:12:51 BRST 2021","Fri Dec 31 08:12:51 BRST 2021","13","","PaymentPayloadWrongDataType.OasDbPaymentPayloadWrongDataType_sksd8x3z7azp","","PaymentPayloadWrongDataType.OasDbPaymentPayloadWrongDataType_sksd8x3z7azp","test_1jezdsf505z5d_deletecharge","test_1jezdsf505z5d_deletecharge",""
"failed","Fri Dec 31 08:19:26 BRST 2021","Fri Dec 31 08:19:27 BRST 2021","16","","PaymentPayloadWrongDataType.OasDbPaymentPayloadWrongDataType_qhsx7s4l8c3a","","PaymentPayloadWrongDataType.OasDbPaymentPayloadWrongDataType_qhsx7s4l8c3a","test_1ibeto3q8x1kh_updatecharge","test_1ibeto3q8x1kh_updatecharge",""
"failed","Fri Dec 31 08:19:47 BRST 2021","Fri Dec 31 08:19:47 BRST 2021","12","","PaymentPayloadWrongDataType.OasDbPaymentPayloadWrongDataType_qhsx7s4l8c3a","","PaymentPayloadWrongDataType.OasDbPaymentPayloadWrongDataType_qhsx7s4l8c3a","test_1jy5hcb92g5yt_createcharge","test_1jy5hcb92g5yt_createcharge",""
"passed","Fri Dec 31 08:12:31 BRST 2021","Fri Dec 31 08:12:31 BRST 2021","12","","PaymentPayloadWrongDataType.OasDbPaymentPayloadWrongDataType_sksd8x3z7azp","","PaymentPayloadWrongDataType.OasDbPaymentPayloadWrongDataType_sksd8x3z7azp","test_1hre8aimsrwoi_readcharge","test_1hre8aimsrwoi_readcharge",""
"passed","Fri Dec 31 08:15:27 BRST 2021","Fri Dec 31 08:15:27 BRST 2021","15","","PaymentPayloadWrongDataType.OasDbPaymentPayloadWrongDataType_1iavdb7l9kxtd","","PaymentPayloadWrongDataType.OasDbPaymentPayloadWrongDataType_1iavdb7l9kxtd","test_rhdbw18o9zdv_updatecharge","test_rhdbw18o9zdv_updatecharge",""
"passed","Fri Dec 31 08:08:42 BRST 2021","Fri Dec 31 08:08:42 BRST 2021","13","","PaymentPayloadWrongDataType.OasDbPaymentPayloadWrongDataType_1jy4z0xgg00mu","","PaymentPayloadWrongDataType.OasDbPaymentPayloadWrongDataType_1jy4z0xgg00mu","test_u7rc5v774njl_readcharge","test_u7rc5v774njl_readcharge",""
"passed","Fri Dec 31 08:04:57 BRST 2021","Fri Dec 31 08:04:57 BRST 2021","15","","PaymentPayloadWrongDataType.OasDbPaymentPayloadWrongDataType_s4ulkdp2bo0x","","PaymentPayloadWrongDataType.OasDbPaymentPayloadWrongDataType_s4ulkdp2bo0x","test_1jefzdhx6lap0_deletecharge","test_1jefzdhx6lap0_deletecharge",""
"failed","Fri Dec 31 08:19:37 BRST 2021","Fri Dec 31 08:19:37 BRST 2021","14","","PaymentPayloadWrongDataType.OasDbPaymentPayloadWrongDataType_qhsx7s4l8c3a","","PaymentPayloadWrongDataType.OasDbPaymentPayloadWrongDataType_qhsx7s4l8c3a","test_1iun704ijeqm0_createcharge","test_1iun704ijeqm0_createcharge",""
"passed","Fri Dec 31 08:14:29 BRST 2021","Fri Dec 31 08:14:29 BRST 2021","13","","PaymentPayloadWrongDataType.OasDbPaymentPayloadWrongDataType_qxtv30ic6f5h","","PaymentPayloadWrongDataType.OasDbPaymentPayloadWrongDataType_qxtv30ic6f5h","test_t4kmwt9gc09u_updatecharge","test_t4kmwt9gc09u_updatecharge",""
"passed","Fri Dec 31 08:16:02 BRST 2021","Fri Dec 31 08:16:02 BRST 2021","12","","PaymentPayloadWrongDataType.OasDbPaymentPayloadWrongDataType_1iavdb7l9kxtd","","PaymentPayloadWrongDataType.OasDbPaymentPayloadWrongDataType_1iavdb7l9kxtd","test_trzooys336n7_readcharge","test_trzooys336n7_readcharge",""
"failed","Fri Dec 31 08:09:20 BRST 2021","Fri Dec 31 08:09:20 BRST 2021","14","","PaymentPayloadWrongDataType.OasDbPaymentPayloadWrongDataType_1h7zrjhuo8je8","","PaymentPayloadWrongDataType.OasDbPaymentPayloadWrongDataType_1h7zrjhuo8je8","test_1jeadveshuuzo_createcharge","test_1jeadveshuuzo_createcharge",""
"passed","Fri Dec 31 08:13:33 BRST 2021","Fri Dec 31 08:13:33 BRST 2021","16","","PaymentPayloadWrongDataType.OasDbPaymentPayloadWrongDataType_qxtv30ic6f5h","","PaymentPayloadWrongDataType.OasDbPaymentPayloadWrongDataType_qxtv30ic6f5h","test_1ib6hyj2bdc9x_readcharge","test_1ib6hyj2bdc9x_readcharge",""
"passed","Fri Dec 31 08:05:47 BRST 2021","Fri Dec 31 08:05:47 BRST 2021","14","","PaymentPayloadWrongDataType.OasDbPaymentPayloadWrongDataType_s4ulkdp2bo0x","","PaymentPayloadWrongDataType.OasDbPaymentPayloadWrongDataType_s4ulkdp2bo0x","test_u7ul5ov7a2wh_readcharge","test_u7ul5ov7a2wh_readcharge",""
"passed","Fri Dec 31 08:02:12 BRST 2021","Fri Dec 31 08:02:12 BRST 2021","23","","PaymentPayloadWrongDataType.OasDbPaymentPayloadWrongDataType_1hb87phbd5eg5","","PaymentPayloadWrongDataType.OasDbPaymentPayloadWrongDataType_1hb87phbd5eg5","test_1iv73q9lw6ek7_readcharge","test_1iv73q9lw6ek7_readcharge",""
"failed","Fri Dec 31 08:20:02 BRST 2021","Fri Dec 31 08:20:02 BRST 2021","12","","PaymentPayloadWrongDataType.OasDbPaymentPayloadWrongDataType_qhsx7s4l8c3a","","PaymentPayloadWrongDataType.OasDbPaymentPayloadWrongDataType_qhsx7s4l8c3a","test_s50pdrdwf7fq_createcharge","test_s50pdrdwf7fq_createcharge",""
"passed","Fri Dec 31 08:02:37 BRST 2021","Fri Dec 31 08:02:37 BRST 2021","23","","PaymentPayloadWrongDataType.OasDbPaymentPayloadWrongDataType_1hb87phbd5eg5","","PaymentPayloadWrongDataType.OasDbPaymentPayloadWrongDataType_1hb87phbd5eg5","test_qhhqlva2irlc_updatecharge","test_qhhqlva2irlc_updatecharge",""
"failed","Fri Dec 31 08:03:44 BRST 2021","Fri Dec 31 08:03:44 BRST 2021","38","","PaymentPayloadWrongDataType.OasDbPaymentPayloadWrongDataType_1iyi9997lw5km","","PaymentPayloadWrongDataType.OasDbPaymentPayloadWrongDataType_1iyi9997lw5km","test_r1a46icupap1_createcharge","test_r1a46icupap1_createcharge",""
"failed","Fri Dec 31 08:08:02 BRST 2021","Fri Dec 31 08:08:02 BRST 2021","15","","PaymentPayloadWrongDataType.OasDbPaymentPayloadWrongDataType_1jy4z0xgg00mu","","PaymentPayloadWrongDataType.OasDbPaymentPayloadWrongDataType_1jy4z0xgg00mu","test_1if0j9z83mdsx_createcharge","test_1if0j9z83mdsx_createcharge",""
"failed","Fri Dec 31 08:03:02 BRST 2021","Fri Dec 31 08:03:02 BRST 2021","21","","PaymentPayloadWrongDataType.OasDbPaymentPayloadWrongDataType_1hb87phbd5eg5","","PaymentPayloadWrongDataType.OasDbPaymentPayloadWrongDataType_1hb87phbd5eg5","test_soccsk0j7aea_createcharge","test_soccsk0j7aea_createcharge",""
"passed","Fri Dec 31 08:19:08 BRST 2021","Fri Dec 31 08:19:08 BRST 2021","12","","PaymentPayloadWrongDataType.OasDbPaymentPayloadWrongDataType_urp3hyvulh6f","","PaymentPayloadWrongDataType.OasDbPaymentPayloadWrongDataType_urp3hyvulh6f","test_uve4lthi6ych_deletecharge","test_uve4lthi6ych_deletecharge",""
"passed","Fri Dec 31 08:08:17 BRST 2021","Fri Dec 31 08:08:17 BRST 2021","13","","PaymentPayloadWrongDataType.OasDbPaymentPayloadWrongDataType_1jy4z0xgg00mu","","PaymentPayloadWrongDataType.OasDbPaymentPayloadWrongDataType_1jy4z0xgg00mu","test_1ji7ae85gif6s_readcharge","test_1ji7ae85gif6s_readcharge",""
"passed","Fri Dec 31 08:04:52 BRST 2021","Fri Dec 31 08:04:52 BRST 2021","16","","PaymentPayloadWrongDataType.OasDbPaymentPayloadWrongDataType_s4ulkdp2bo0x","","PaymentPayloadWrongDataType.OasDbPaymentPayloadWrongDataType_s4ulkdp2bo0x","test_1iuy9e00hwbax_deletecharge","test_1iuy9e00hwbax_deletecharge",""
"passed","Fri Dec 31 08:06:40 BRST 2021","Fri Dec 31 08:06:40 BRST 2021","15","","PaymentPayloadWrongDataType.OasDbPaymentPayloadWrongDataType_1iukdc9pgnj8z","","PaymentPayloadWrongDataType.OasDbPaymentPayloadWrongDataType_1iukdc9pgnj8z","test_1k22u5otdyq0h_deletecharge","test_1k22u5otdyq0h_deletecharge",""
"passed","Fri Dec 31 08:17:40 BRST 2021","Fri Dec 31 08:17:40 BRST 2021","12","","PaymentPayloadWrongDataType.OasDbPaymentPayloadWrongDataType_1hblin1dluput","","PaymentPayloadWrongDataType.OasDbPaymentPayloadWrongDataType_1hblin1dluput","test_vbszd4xj6hpw_deletecharge","test_vbszd4xj6hpw_deletecharge",""
"passed","Fri Dec 31 08:12:15 BRST 2021","Fri Dec 31 08:12:16 BRST 2021","13","","PaymentPayloadWrongDataType.OasDbPaymentPayloadWrongDataType_sksd8x3z7azp","","PaymentPayloadWrongDataType.OasDbPaymentPayloadWrongDataType_sksd8x3z7azp","test_1h84sgezcwto0_readcharge","test_1h84sgezcwto0_readcharge",""
"passed","Fri Dec 31 08:18:53 BRST 2021","Fri Dec 31 08:18:53 BRST 2021","13","","PaymentPayloadWrongDataType.OasDbPaymentPayloadWrongDataType_urp3hyvulh6f","","PaymentPayloadWrongDataType.OasDbPaymentPayloadWrongDataType_urp3hyvulh6f","test_skvls49zd5pv_updatecharge","test_skvls49zd5pv_updatecharge",""
"passed","Fri Dec 31 08:17:15 BRST 2021","Fri Dec 31 08:17:15 BRST 2021","13","","PaymentPayloadWrongDataType.OasDbPaymentPayloadWrongDataType_1hblin1dluput","","PaymentPayloadWrongDataType.OasDbPaymentPayloadWrongDataType_1hblin1dluput","test_s1b6odm2jzvn_readcharge","test_s1b6odm2jzvn_readcharge",""
"passed","Fri Dec 31 08:22:05 BRST 2021","Fri Dec 31 08:22:05 BRST 2021","14","","PaymentPayloadWrongDataType.OasDbPaymentPayloadWrongDataType_t4yyjnz4v12q","","PaymentPayloadWrongDataType.OasDbPaymentPayloadWrongDataType_t4yyjnz4v12q","test_ure1vv097337_createcharge","test_ure1vv097337_createcharge",""
"passed","Fri Dec 31 08:06:50 BRST 2021","Fri Dec 31 08:06:50 BRST 2021","16","","PaymentPayloadWrongDataType.OasDbPaymentPayloadWrongDataType_1iukdc9pgnj8z","","PaymentPayloadWrongDataType.OasDbPaymentPayloadWrongDataType_1iukdc9pgnj8z","test_rkwuapk8k3sl_updatecharge","test_rkwuapk8k3sl_updatecharge",""
"failed","Fri Dec 31 08:18:33 BRST 2021","Fri Dec 31 08:18:33 BRST 2021","14","","PaymentPayloadWrongDataType.OasDbPaymentPayloadWrongDataType_urp3hyvulh6f","","PaymentPayloadWrongDataType.OasDbPaymentPayloadWrongDataType_urp3hyvulh6f","test_qdq15u4095x5_updatecharge","test_qdq15u4095x5_updatecharge",""
"passed","Fri Dec 31 08:21:05 BRST 2021","Fri Dec 31 08:21:05 BRST 2021","12","","PaymentPayloadWrongDataType.OasDbPaymentPayloadWrongDataType_t4yyjnz4v12q","","PaymentPayloadWrongDataType.OasDbPaymentPayloadWrongDataType_t4yyjnz4v12q","test_1ibhkcou2wvok_readcharge","test_1ibhkcou2wvok_readcharge",""
"passed","Fri Dec 31 08:17:35 BRST 2021","Fri Dec 31 08:17:35 BRST 2021","12","","PaymentPayloadWrongDataType.OasDbPaymentPayloadWrongDataType_1hblin1dluput","","PaymentPayloadWrongDataType.OasDbPaymentPayloadWrongDataType_1hblin1dluput","test_soko6xqygjsp_deletecharge","test_soko6xqygjsp_deletecharge",""
"failed","Fri Dec 31 08:14:14 BRST 2021","Fri Dec 31 08:14:14 BRST 2021","13","","PaymentPayloadWrongDataType.OasDbPaymentPayloadWrongDataType_qxtv30ic6f5h","","PaymentPayloadWrongDataType.OasDbPaymentPayloadWrongDataType_qxtv30ic6f5h","test_rl7woqzqb7zn_updatecharge","test_rl7woqzqb7zn_updatecharge",""
"passed","Fri Dec 31 08:03:49 BRST 2021","Fri Dec 31 08:03:49 BRST 2021","18","","PaymentPayloadWrongDataType.OasDbPaymentPayloadWrongDataType_1iyi9997lw5km","","PaymentPayloadWrongDataType.OasDbPaymentPayloadWrongDataType_1iyi9997lw5km","test_rhrodcz34bw8_readcharge","test_rhrodcz34bw8_readcharge",""
"passed","Fri Dec 31 08:11:03 BRST 2021","Fri Dec 31 08:11:03 BRST 2021","12","","PaymentPayloadWrongDataType.OasDbPaymentPayloadWrongDataType_u82clhjoq69f","","PaymentPayloadWrongDataType.OasDbPaymentPayloadWrongDataType_u82clhjoq69f","test_1iunpb8eeh3za_readcharge","test_1iunpb8eeh3za_readcharge",""
"failed","Fri Dec 31 08:14:04 BRST 2021","Fri Dec 31 08:14:04 BRST 2021","13","","PaymentPayloadWrongDataType.OasDbPaymentPayloadWrongDataType_qxtv30ic6f5h","","PaymentPayloadWrongDataType.OasDbPaymentPayloadWrongDataType_qxtv30ic6f5h","test_r1l3ucpzten6_createcharge","test_r1l3ucpzten6_createcharge",""
"passed","Fri Dec 31 08:17:20 BRST 2021","Fri Dec 31 08:17:20 BRST 2021","13","","PaymentPayloadWrongDataType.OasDbPaymentPayloadWrongDataType_1hblin1dluput","","PaymentPayloadWrongDataType.OasDbPaymentPayloadWrongDataType_1hblin1dluput","test_s1dvq20nqv5g_readcharge","test_s1dvq20nqv5g_readcharge",""
"passed","Fri Dec 31 08:18:13 BRST 2021","Fri Dec 31 08:18:13 BRST 2021","12","","PaymentPayloadWrongDataType.OasDbPaymentPayloadWrongDataType_urp3hyvulh6f","","PaymentPayloadWrongDataType.OasDbPaymentPayloadWrongDataType_urp3hyvulh6f","test_1iesqla7fkhmh_deletecharge","test_1iesqla7fkhmh_deletecharge",""
"passed","Fri Dec 31 08:02:47 BRST 2021","Fri Dec 31 08:02:47 BRST 2021","19","","PaymentPayloadWrongDataType.OasDbPaymentPayloadWrongDataType_1hb87phbd5eg5","","PaymentPayloadWrongDataType.OasDbPaymentPayloadWrongDataType_1hb87phbd5eg5","test_rkzlawmwvub7_readcharge","test_rkzlawmwvub7_readcharge",""
"passed","Fri Dec 31 08:14:44 BRST 2021","Fri Dec 31 08:14:44 BRST 2021","13","","PaymentPayloadWrongDataType.OasDbPaymentPayloadWrongDataType_qxtv30ic6f5h","","PaymentPayloadWrongDataType.OasDbPaymentPayloadWrongDataType_qxtv30ic6f5h","test_uv6dmkbbge29_deletecharge","test_uv6dmkbbge29_deletecharge",""
"failed","Fri Dec 31 08:07:15 BRST 2021","Fri Dec 31 08:07:15 BRST 2021","16","","PaymentPayloadWrongDataType.OasDbPaymentPayloadWrongDataType_1iukdc9pgnj8z","","PaymentPayloadWrongDataType.OasDbPaymentPayloadWrongDataType_1iukdc9pgnj8z","test_u8dh978207kz_createcharge","test_u8dh978207kz_createcharge",""
